Champion	Bur. Dam.	DPS Dam.	ST Dam.	AOE Dam.	Skirmishing	Wave Clear	Poke	Siege	Split Pushing	Mit. Tough.	Sus. Tough.	ST CC	AOE CC	CC Range	CC Impact	Repo. Mob.	Eng. Mob.	Utility	Zone Cont.	Peel	WRAvg	WR10min	WR15min	WR20min	WR25min	WR30min	WR35min	WR40min	WR45min	WR50min	WREarly	WRMid	WRLate	WRTotal	WRScoreEarly	WRScoreMid	WRScoreLate	WRScoreTotal	CompScoreAttack	CompScoreCatch	CompScoreProtect	CompScoreSiege	CompScoreSplit
Aatrox	3	4	1	4	4	3	2	1	4	1	5	1	4	3	3	3	1	1	3	1	0.488	0.45	0.5085	0.4793	0.4991	0.46869999999999995	0.4818	0.4444000000000001	0.5556	0.5	0.07622500000000004	0.07422499999999999	0.079625	0.23007500000000003	33.130500923611876	32.26121916766271	34.608279908725414	100	2088	1732	1752	1617	1922
Ahri	4	1	4	3	3	4	4	3	2	1	1	4	1	4	3	4	3	1	1	1	0.516	0.4783	0.5324	0.5226	0.5195	0.4966999999999999	0.503	0.4211	0.5	0.5	0.05719999999999997	0.05444999999999994	0.024199999999999944	0.13584999999999986	42.10526315789476	40.08097165991903	17.813765182186213	100	1892	2567	1251	1739	1911
Akali	5	3	5	3	5	2	2	1	4	1	2	1	1	1	1	5	5	1	3	1	0.49	0.375	0.5323	0.4751000000000001	0.4857	0.4829	0.4675	0.5111	0.5714	1	0.09702500000000003	0.10780000000000006	0.13822500000000004	0.34305000000000013	28.28304911820434	31.42399067191372	40.29296020988194	100	2099	3037	1537	1537	2589
Akshan	5	5	5	2	5	3	1	1	1	1	2	1	1	1	1	4	4	3	2	4	0.49700000000000005	0.6	0.5125	0.5325	0.4765	0.4643	0.4623	0.5625	0.3333	1	0.4133749999999999	0.3668999999999999	0.44747999999999993	1.2277549999999997	33.66917666798343	29.88381232412004	36.44701100789653	100	1823	2621	2220	1991	2585
Alistar	1	1	1	1	1	1	1	1	1	5	4	5	5	1	5	2	5	3	3	5	0.48200000000000004	0.5833	0.444	0.46760000000000007	0.5165	0.4808	0.4432	0.625	0.5	0	0.16085	0.135025	0.17024999999999996	0.46612499999999996	34.50791096808796	28.967551622418885	36.524537409493156	100	3095	2123	2183	1646	1352
Amumu	2	2	1	3	1	1	1	1	1	5	1	4	5	4	5	2	5	1	4	3	0.456	0.5556	0.46379999999999993	0.4188	0.4584	0.4576	0.5275	0.4667	0.5	1	0.09814999999999996	0.08957499999999996	0.11195	0.2996749999999999	32.75214816050721	29.890714941186282	37.35713689830651	100	3104	2096	1748	1385	1077
Anivia	2	5	1	5	1	5	2	3	1	1	2	1	5	5	4	1	1	1	5	1	0.504	0.75	0.5405	0.5	0.48	0.5072	0.5128	0.7	0.3333	0	0.32362500000000005	0.256	0.26932500000000004	0.8489500000000001	38.12061958890394	30.15489722598504	31.72448318511102	100	2487	1341	2422	2553	1893
Annie	4	1	3	4	2	3	2	2	1	2	1	4	4	3	5	3	1	3	2	2	0.508	0.75	0.4517	0.534	0.4935	0.5382	0.5617	0.5	0.6667000000000001	0	0.2693	0.24385	0.16531999999999997	0.6784699999999999	39.69224873612688	35.94116173154303	24.366589532330092	100	2396	2117	1450	1549	1370
Aphelios	2	5	5	4	2	5	4	5	2	1	2	1	2	5	2	1	1	1	1	1	0.479	0.4706	0.4461	0.4893	0.4754	0.49700000000000005	0.5112	0.4861	0.375	1	0.35135000000000005	0.37422500000000003	0.45486000000000004	1.1804350000000001	29.764451240432553	31.702296187422434	38.53325257214502	100	1756	1879	2188	2599	2293
Ashe	1	4	4	2	1	4	4	5	1	1	1	4	1	5	5	1	1	1	3	3	0.457	0.5833	0.439	0.4621	0.4545	0.4777	0.42469999999999997	0.4545	0.5	1	0.12772499999999998	0.09775	0.10722500000000001	0.3327	38.39044183949503	29.380823564773067	32.22873459573189	99.99999999999999	1853	2072	2021	2510	1952
Aurelion Sol	2	4	1	5	2	4	3	3	2	1	1	1	4	3	4	5	1	1	3	2	0.494	0.4615000000000001	0.4637	0.3990000000000001	0.5283	0.5548	0.5963	0.5	0.5	1	0.08912500000000001	0.14560000000000006	0.163775	0.3985000000000001	22.365119196988704	36.53701380175659	41.0978670012547	100	2191	1495	1910	2160	1948
Azir	2	5	5	2	2	5	4	3	1	2	1	1	4	2	4	2	1	1	3	2	0.503	0.2727	0.48840000000000006	0.538	0.4752	0.5117	0.5385	0.5833	0.25	0	0.20057500000000006	0.27285000000000004	0.22787500000000005	0.7013000000000001	28.60045629545131	38.906316840154	32.4932268643947	100	1838	1703	2163	2294	2108
Bard	3	1	3	1	2	1	3	3	1	1	1	2	4	5	5	5	1	3	4	3	0.509	0.2	0.4646	0.5448	0.5159	0.5217	0.4595	0.5625	0.3333	1	0.162325	0.241475	0.20024999999999998	0.60405	26.87277543249731	39.975995364622136	33.15122920288056	100	1982	2117	1758	1950	1626
Bel'Veth	2	4	4	3	5	2	1	1	3	5	3	2	2	2	4	5	1	1	1	1	0.504	0.7646999999999999	0.5216	0.5503	0.47130000000000005	0.4444000000000001	0.4568	0.5417	0	1	0.312975	0.2167	0.09672499999999995	0.6264	49.96408045977012	34.59450830140486	15.441411238825026	100	2107	2448	1849	1238	2114
Blitzcrank	3	1	3	3	1	1	2	1	1	3	1	5	1	5	5	3	4	1	5	3	0.515	0.5	0.5396	0.5223	0.5114	0.4964	0.4783	0.4412	0.5	0	0.06332500000000002	0.047099999999999975	0.02397499999999997	0.13439999999999996	47.1168154761905	35.04464285714285	17.83854166666665	100	2439	2519	1814	1750	1422
Brand	5	5	3	5	1	5	3	3	1	1	1	4	1	4	3	1	1	1	3	1	0.479	1	0.4407	0.44920000000000004	0.4843	0.4752	0.48840000000000006	0.6	1	1	0.59455	0.475275	0.6419	1.711725	34.7339671968336	27.765850238794197	37.5001825643722	100	2235	2091	2068	2412	2007
Braum	1	2	2	2	1	1	2	3	1	5	1	3	4	3	4	1	3	3	5	5	0.478	0.5	0.4742	0.4384	0.4915	0.5027	0.5	0.7143	0	0	0.21802499999999997	0.22514999999999996	0.17125	0.614425	35.48439597998127	36.6440167636408	27.871587256377918	100	1983	1397	2466	2162	1667
Caitlyn	1	5	5	2	1	5	5	5	1	1	1	2	1	3	2	3	1	1	4	3	0.484	0.2778	0.4644	0.4545	0.5151	0.4976	0.4817	0.6129	0.6667000000000001	1	0.18394999999999995	0.24322500000000002	0.32072500000000004	0.7479	24.595534162321158	32.52105896510229	42.88340687257655	100	1305	1666	2603	3155	2638
Camille	4	5	5	1	5	2	1	1	5	2	2	4	1	1	4	2	4	1	1	1	0.491	0.4118	0.4852	0.4571	0.5097	0.5126	0.4923	0.56	0.25	0	0.17495000000000005	0.20192500000000002	0.162725	0.5396000000000001	32.422164566345444	37.42123795404002	30.15659747961453	100	2137	3004	1552	1243	2392
Cassiopeia	1	5	5	2	2	3	2	3	3	1	2	2	4	3	5	2	1	1	3	2	0.536	0.4167	0.5059	0.5878	0.5181	0.5457	0.5243	0.5	0.375	1	0.11112500000000003	0.14797500000000008	0.09024999999999994	0.34935000000000005	31.80907399456133	42.35723486474884	25.83369114068983	100	2004	1827	1984	1811	1799
Cho'Gath	3	3	3	3	2	3	3	3	2	4	5	1	4	3	2	1	1	1	3	2	0.478	0.5	0.489	0.4953	0.468	0.4622	0.4458	0.6471000000000001	0.5	1	0.130075	0.109825	0.155775	0.395675	32.87420231250395	27.75636570417641	39.36943198331964	100	1960	1496	1909	1764	1499
Corki	3	4	3	5	3	5	5	5	2	1	1	1	1	1	1	3	3	1	2	2	0.489	0	0.5714	0.54	0.5	0.3718	0.5	0.25	0.5	0	0.15385000000000004	0.22895	0.15644999999999998	0.53925	28.530366249420496	42.45711636532221	29.012517385257297	100	1756	1628	2004	2813	2505
Darius	3	4	4	4	4	2	1	1	5	1	5	1	3	2	2	2	1	1	4	2	0.5	0.5	0.5089	0.4891	0.5223	0.47850000000000004	0.4911	0.34380000000000005	0.2	0	0.22507500000000003	0.21524999999999994	0.09834999999999999	0.538675	41.78307885088412	39.959159047663235	18.257762101452638	100	1820	1883	2066	1743	2325
Diana	4	2	4	3	4	3	3	2	3	3	1	1	3	1	4	1	5	1	3	1	0.47	0.6875	0.5084	0.49450000000000005	0.441	0.43799999999999994	0.4444000000000001	0.4167	0.5	1	0.24284999999999995	0.16447500000000004	0.15977500000000006	0.5671	42.82313524951506	29.002821371892086	28.17404337859285	100	2277	2304	1316	1416	1796
Dr. Mundo	2	4	4	2	4	1	3	3	4	2	5	3	1	3	2	3	1	1	3	1	0.503	0.4286	0.4365	0.4952	0.5279	0.4964	0.617	0.6667000000000001	0	1	0.18905	0.25112499999999993	0.16202499999999997	0.6021999999999998	31.39322484224511	41.701262039189636	26.90551311856526	100	1539	2066	1840	1667	2006
Draven	3	5	5	1	3	4	3	4	3	1	3	1	3	3	2	3	1	1	1	2	0.516	0.40630000000000005	0.5332	0.5101	0.5061	0.5418	0.494	0.3889	0.4	1	0.09292499999999998	0.11699999999999988	0.06017499999999998	0.27009999999999984	34.403924472417636	43.31728989263234	22.278785634950022	100	1522	1919	1921	2018	2233
Ekko	5	2	4	3	5	3	3	1	4	2	2	1	2	2	3	2	3	1	3	1	0.494	0.4	0.4704	0.49439999999999995	0.49939999999999996	0.48730000000000007	0.5638	0.5	0.3333	1	0.11204999999999998	0.15722500000000006	0.11709999999999998	0.386375	29.000323519896465	40.69233257845359	30.307343901649947	100	1774	2495	1257	1435	2244
Elise	4	2	4	1	5	1	2	1	3	2	2	5	1	5	4	3	3	1	1	2	0.504	0.5909	0.5734	0.5247	0.4722	0.4253	0.5125	0.375	0	0	0.2363	0.17967500000000003	0.0242	0.44017500000000004	53.68319418413131	40.81899244618618	5.497813369682512	100	2084	3209	1112	1082	1819
Evelynn	5	1	5	3	5	1	1	1	4	1	3	3	1	2	3	5	4	1	2	1	0.503	0.6471000000000001	0.5274	0.5163	0.4754	0.5	0.5082	0.5	0.5	0	0.13854999999999995	0.09697499999999998	0.09904999999999997	0.3345749999999999	41.41074497496824	28.98453261600538	29.60472240902638	100	2208	3262	1305	1273	2389
Ezreal	3	5	5	3	2	5	5	5	1	1	1	1	1	1	1	5	2	1	1	3	0.496	0.6066	0.5074	0.5042	0.4961	0.4694	0.4853	0.486	0.6	0	0.132575	0.09275	0.11417500000000003	0.3395	39.050073637702496	27.31958762886598	33.63033873343152	100	1579	1999	2410	3026	2826
Fiddlesticks	4	3	1	5	2	2	2	2	1	1	4	2	5	4	5	1	4	1	1	2	0.506	0.2	0.5552	0.484	0.4911	0.5423	0.4783	0.44	0.4	1	0.146575	0.21292499999999992	0.17914999999999992	0.5386499999999999	27.21154738698599	39.529379003063205	33.259073609950796	100	3181	1998	1497	1557	1093
Fiora	4	5	5	1	5	1	1	1	5	3	3	3	1	2	3	5	1	1	1	1	0.525	0.4091	0.5486	0.5233	0.5212	0.5061	0.5556	0.5143	0.75	0	0.17554999999999993	0.20154999999999995	0.2565	0.6335999999999999	27.706755050505045	31.810290404040398	40.482954545454554	100	1839	2939	1815	1375	2646
Fizz	5	2	5	4	5	1	1	1	4	1	1	1	3	3	3	4	5	1	1	1	0.502	0.4615000000000001	0.5252	0.4923	0.5081	0.4853	0.4725	0.5556	0	0	0.13477500000000003	0.12755	0.016349999999999976	0.278675	48.36278819413296	45.77016237552704	5.867049430339993	100	2540	3130	1237	1234	2245
Galio	3	2	1	4	1	3	3	2	1	5	1	1	4	1	5	1	4	2	4	4	0.495	0.5714	0.4262	0.5199	0.49559999999999993	0.5297	0.5227	0.5333	1	1	0.368275	0.38197499999999995	0.511425	1.2616749999999999	29.189371272316567	30.275229357798167	40.535399369885276	100	2593	1532	2094	1976	1551
Gangplank	4	3	1	5	3	4	3	2	3	1	3	1	3	4	2	3	1	1	3	2	0.507	0.4167	0.5274	0.474	0.48480000000000006	0.5556	0.5222	0.6154	0.25	0	0.088725	0.12214999999999998	0.1773999999999999	0.38827499999999987	22.851072049449495	31.459661322516265	45.68926662803424	100	1897	1646	1648	1921	1927
Garen	4	4	3	4	4	2	1	1	5	3	5	2	1	1	3	3	1	1	3	1	0.473	0.6429	0.46619999999999995	0.46270000000000006	0.49200000000000005	0.4769	0.4494	0.3529	0	0.5	0.24295000000000005	0.19725000000000004	0.04680000000000001	0.4870000000000001	49.8870636550308	40.503080082135526	9.609856262833675	100	1978	2100	1872	1534	2207
Gnar	1	3	3	1	2	3	3	3	3	2	3	1	5	2	5	2	4	1	3	2	0.509	0.3570999999999999	0.5	0.5302	0.49579999999999996	0.5504	0.4066	0.5556	0.6667000000000001	0	0.14177499999999998	0.16675	0.215825	0.52435	27.038237818251165	31.80127777248022	41.16048440926862	100	2296	1637	1472	1555	1456
Gragas	3	1	1	3	3	2	2	2	1	4	3	2	4	3	5	2	4	1	3	3	0.509	0.5	0.54	0.5208	0.5029	0.4707	0.4795	0.5672	0.5714	0	0.14692499999999997	0.12447500000000006	0.048760000000000026	0.32016000000000006	45.89111694152922	38.87899800099951	15.229885057471272	100	2497	1861	1455	1355	1256
Graves	3	5	2	4	4	4	2	2	4	2	1	1	3	3	3	3	1	1	3	1	0.49700000000000005	0.541	0.4666	0.48829999999999996	0.5048	0.5149	0.5321	0.5366	0.7692	0	0.18317499999999998	0.1930249999999999	0.2712	0.6473999999999999	28.293945010812482	29.815415508186582	41.89063948100093	100	1725	1639	1751	1734	2183
Gwen	3	4	2	5	5	5	1	1	5	4	3	1	1	1	1	4	3	1	1	1	0.514	0.47620000000000007	0.48100000000000004	0.5196	0.5265	0.5	0.5667	0.5263	1	1	0.326825	0.3542	0.47425	1.155275	28.289801129601173	30.65936681742442	41.0508320529744	100	2029	2093	1810	1605	2831
Hecarim	4	3	3	3	4	1	1	1	2	1	3	3	3	3	4	5	4	1	2	1	0.506	0.7	0.48840000000000006	0.47479999999999994	0.534	0.5197	0.5224	0.5	0.5	0	0.18330000000000002	0.146725	0.14452500000000001	0.47455	38.62606680012644	30.91876514592772	30.455168053945847	100	2364	2536	1299	1235	1619
Heimerdinger	2	5	3	3	2	4	3	5	3	1	1	1	3	4	3	1	1	1	4	2	0.486	0.3333	0.4489	0.5431	0.4715	0.4966999999999999	0.4444000000000001	0.4375	1	1	0.3632	0.40292500000000003	0.50865	1.274775	28.491302386695693	31.607538585240537	39.90115902806378	100	1517	1344	2087	2456	2115
Illaoi	2	4	2	4	5	2	2	2	5	1	5	3	1	3	2	1	1	1	4	2	0.486	0.6	0.5242	0.5158	0.47729999999999995	0.4109999999999999	0.5111	0.4667	0	0	0.2033250000000001	0.15280000000000005	0.021199999999999997	0.37732500000000013	53.885907374279476	40.495593983966074	5.618498641754453	100	1638	1922	1925	1742	2369
Irelia	2	5	5	1	5	2	1	1	5	2	3	1	2	3	3	3	5	1	1	1	0.48100000000000004	0.4815	0.4551	0.5028	0.4869	0.4817	0.414	0.43329999999999996	0	1	0.14057499999999995	0.13034999999999997	-0.008750000000000036	0.2621749999999999	53.6187660913512	49.71869934204254	-3.337465433393741	99.99999999999999	2027	2626	1630	1190	2337
Ivern	1	2	1	2	1	1	2	2	1	3	1	4	4	4	4	2	5	4	5	3	0.515	0.5238	0.5528	0.5268	0.4926	0.4763	0.5878	0.3570999999999999	0.5	1	0.369	0.36587499999999995	0.42923999999999995	1.1641149999999998	31.697899262529912	31.42945499370767	36.87264574376243	100.00000000000001	2273	1740	1991	1805	1202
Janna	1	1	1	1	1	1	2	4	1	2	2	3	4	4	4	4	1	5	5	5	0.532	0.4412	0.5226	0.5435	0.5365	0.526	0.5357	0.5882	0.6154	0.5	0.07894999999999996	0.10342499999999999	0.13432499999999992	0.31669999999999987	24.928954846858225	32.65708872750238	42.4139564256394	100	1608	1413	2625	2631	1908
Jarvan IV	3	2	3	3	3	1	1	1	2	5	1	3	5	1	4	1	5	1	4	3	0.514	0.5455	0.4912	0.4993	0.5368	0.5253	0.4898	0.5769	0	0	0.1442	0.13879999999999992	0.023999999999999966	0.3069999999999999	46.97068403908796	45.211726384364816	7.817589576547224	100	2792	2041	1741	1362	1425
Jax	3	5	5	2	5	2	1	1	5	3	1	1	3	1	3	5	3	1	1	1	0.515	0.4878	0.5132	0.5307	0.5108	0.5158	0.5023	0.5	0.3333	0	0.11562499999999998	0.1199	0.06784999999999997	0.30337499999999995	38.11289658014009	39.52204367531934	22.365059744540577	100	1931	2628	1751	1332	2634
Jayce	5	3	3	3	4	4	5	5	4	1	1	2	1	1	2	3	1	2	1	1	0.496	0.5349	0.5011	0.5113	0.4948	0.4576	0.5121	0.4468	0.875	1	0.29452500000000004	0.27795000000000003	0.35687500000000005	0.9293500000000001	31.691504815193415	29.908000215204172	38.40049496960241	100	1473	2196	1468	2378	2588
Jhin	5	2	5	2	1	4	5	5	1	1	1	3	1	5	2	3	1	1	3	1	0.49700000000000005	0.6923	0.48949999999999994	0.4678	0.5092	0.5021	0.5143	0.5625	0.4545	1	0.20269999999999988	0.16134999999999988	0.1713499999999999	0.5353999999999997	37.85954426596937	30.136346656705264	32.00410907732537	100	1673	2575	1730	2600	2164
Jinx	1	5	5	3	1	5	5	5	1	1	1	2	2	4	2	2	1	1	3	2	0.485	0.4211	0.48460000000000003	0.49559999999999993	0.4711	0.4949	0.4806	0.561	0.7143	1	0.16310000000000002	0.18054999999999993	0.2577000000000001	0.60135	27.12230814001829	30.02411241373575	42.85357944624596	100	1511	1718	2378	2930	2376
Kai'Sa	3	5	5	3	3	4	3	3	2	3	1	1	1	1	1	4	4	1	1	3	0.475	0.4324	0.4384	0.4805	0.4899	0.4751000000000001	0.49439999999999995	0.4444000000000001	0.4667	0	0.02529999999999999	0.04997499999999999	0.03515000000000007	0.11042500000000005	22.911478378990243	45.25696173873667	31.831559882273087	100	1785	2027	2108	2029	2301
Kalista	1	5	5	2	2	4	3	3	3	1	2	2	1	4	2	5	1	1	2	3	0.488	0.55	0.495	0.4585	0.5083	0.4936	0.44	0.375	0	1	0.17495000000000005	0.1471	-0.0008499999999999619	0.3212000000000001	54.46762141967621	45.7970112079701	-0.26463262764631434	99.99999999999999	1404	1952	2165	2121	2371
Karma	1	3	1	3	1	3	4	4	1	1	1	2	2	4	2	3	1	5	5	5	0.479	0.5152	0.5274	0.4788	0.4639	0.4664	0.4279	0.4043	0.5	0	0.097325	0.060250000000000026	0.05065000000000003	0.20822500000000005	46.74030495857845	28.935046224036505	24.324648817385047	100	1121	1062	2858	3106	2180
Karthus	3	5	3	5	2	5	4	4	2	1	1	1	2	3	3	1	1	1	3	2	0.499	0.3529	0.496	0.4919	0.49079999999999996	0.5139	0.5084	0.6774	0.5	0	0.13889999999999997	0.18224999999999997	0.230925	0.5520749999999999	25.159625050944168	33.01181904632523	41.82855590273061	100.00000000000001	1825	1412	2183	2623	2199
Kassadin	5	2	4	4	5	2	2	2	5	2	1	1	2	3	2	2	5	1	1	1	0.509	0.5714	0.4472	0.44049999999999995	0.558	0.5404	0.5833	0.5	1	1	0.11527500000000002	0.14154999999999995	0.15223333333333333	0.4090583333333333	28.180577342269853	34.60386660419255	37.2155560535376	100	2194	2772	1083	1215	2286
Katarina	5	2	5	5	5	3	2	1	5	1	1	1	1	1	1	5	5	1	1	1	0.484	0.5333	0.5253	0.4391	0.4842	0.4839	0.5302	0.4706	0.5	0	0.07147500000000001	0.060350000000000015	0.07217500000000004	0.20400000000000007	35.03676470588235	29.58333333333333	35.37990196078432	100	2427	3162	1474	1575	2898
Kayle	1	5	5	2	2	3	3	3	3	1	2	1	2	3	1	3	1	5	1	5	0.48100000000000004	0.3	0.4373	0.4409	0.48710000000000003	0.5434	0.5658	0.8182	1	0	0.39532500000000004	0.48829999999999996	0.71085	1.594475	24.793427303657943	30.624500227347557	44.5820724689945	100	1158	1482	2843	2534	2369
Kayn	2	4	2	3	4	3	1	1	3	2	5	1	4	2	2	4	4	1	2	2	0.489	0.1818	0.4559	0.4458	0.5081	0.5389	0.5449	0.4194	0.3333	0	0.14889999999999998	0.260425	0.210125	0.6194500000000001	24.03745257890063	42.041326983614496	33.92122043748486	99.99999999999999	2155	1781	1685	1396	1784
Kennen	3	4	1	5	3	3	2	2	2	1	1	2	5	4	5	3	1	1	3	1	0.506	0.4545	0.5118	0.48350000000000004	0.513	0.5257	0.4444000000000001	0.4706	1	0	0.3447	0.34565	0.464175	1.154525	29.85643446439012	29.938719386760788	40.20484614884909	100	2637	1760	1660	1741	1524
Kha'Zix	5	2	5	2	5	2	3	2	4	1	2	1	1	3	2	4	5	1	1	1	0.51	0.5128	0.4839	0.4968	0.5225	0.5357	0.48089999999999994	0.5326	0.5714	0	0.05399999999999999	0.058974999999999944	0.08015	0.19312499999999994	27.961165048543695	30.537216828478947	41.501618122977355	100	2019	3093	1167	1340	2331
Kindred	1	5	5	2	4	4	3	4	2	1	2	3	1	4	2	3	1	3	1	1	0.5429999999999999	0.5806	0.5617	0.5658	0.5261	0.5008	0.5392	0.5806	0.6667000000000001	1	0.11555000000000004	0.08997500000000003	0.12882500000000008	0.33435000000000015	34.55959324061612	26.9104232092119	38.529983550171984	100	1408	2101	2036	2032	2206
Kled	3	5	5	2	5	2	1	1	5	2	3	2	1	1	2	5	3	2	1	1	0.517	0.8571	0.5482	0.5584	0.4824	0.44060000000000005	0.4722	0.5385	1	1	0.494525	0.3714	0.49582499999999996	1.36175	36.31540297411419	27.27372865797687	36.41086836790894	100	1705	2621	1834	1407	2657
Kog'Maw	2	5	5	2	2	5	5	5	1	1	1	1	3	4	2	1	1	1	3	2	0.508	0.6667000000000001	0.5241	0.5128	0.5349	0.4689	0.39379999999999993	0.5185	0.3333	0.5	0.25162500000000004	0.16959999999999997	0.12062499999999993	0.5418499999999999	46.43812863338563	31.30017532527452	22.261696041339842	100	1496	1745	2285	2861	2378
LeBlanc	5	1	4	2	4	3	5	2	3	1	1	3	1	4	2	2	5	1	2	1	0.49	0.6	0.5347	0.4901	0.4664	0.4535	0.5392	0.5	0.75	1	0.23280000000000006	0.19729999999999998	0.27067500000000005	0.7007750000000001	33.22036316934822	28.154543184331622	38.625093646320146	99.99999999999999	1990	2837	1100	1675	1912
Lee Sin	3	3	3	1	5	2	1	1	2	2	2	4	2	1	5	5	5	2	1	2	0.465	0.3214	0.4642	0.4643	0.46379999999999993	0.4733	0.4959	0.4	0.5556	0.5	0.10342499999999999	0.14932499999999999	0.15620000000000006	0.40895000000000004	25.29037779679667	36.514243795084965	38.195378408118366	100	2436	2866	1264	1128	1848
Leona	2	2	2	2	2	1	1	1	1	5	1	5	5	4	5	1	5	1	3	3	0.529	0.5	0.5596	0.5163	0.5158	0.5359	0.5385	0.4	1	0	0.35392500000000005	0.35762499999999997	0.4496	1.1611500000000001	30.48055806743315	30.799207682039352	38.72023425052749	100	3128	2396	1553	1169	1031
Lillia	2	4	1	4	3	1	3	3	1	1	2	1	5	5	4	5	1	1	3	2	0.478	0	0.4329	0.4574	0.48719999999999997	0.5484	0.4545	0.5385	0.6667000000000001	0	0.06637500000000002	0.20887499999999998	0.274025	0.549275	12.084110873424063	38.02739975422148	49.88848937235447	100.00000000000001	2340	1816	1781	1905	1579
Lissandra	2	4	1	4	3	3	3	2	2	2	2	4	4	2	4	1	3	1	3	2	0.499	0.4286	0.4881	0.4832	0.5205	0.5031	0.4583	0.6842	1	0.5	0.1411	0.15227500000000005	0.20953333333333335	0.5029083333333334	28.056802929626006	30.278877860445085	41.66431920992891	100	2213	1629	1591	1646	1440
Lucian	2	5	5	3	4	5	4	3	3	1	1	1	1	3	1	5	2	1	1	1	0.506	0.5849	0.5036	0.5053	0.4977	0.5191	0.5341	0.46989999999999993	0.5714	0	0.156875	0.14805000000000001	0.0529	0.357825	43.84126318731223	41.37497380004193	14.783763012645847	100.00000000000001	1519	2221	2032	2208	2752
Lulu	1	2	2	1	1	1	3	3	1	1	1	4	4	4	4	3	1	5	5	5	0.47100000000000003	0.5246	0.4677	0.46880000000000005	0.46989999999999993	0.4551	0.5165	0.5472	0.6	1	0.11175000000000002	0.10657499999999998	0.15870000000000006	0.37702500000000005	29.63994430077581	28.267356276109002	42.092699423115185	100	1607	1517	2599	2591	1808
Lux	4	1	2	4	1	4	4	4	1	1	1	4	3	4	4	1	1	3	3	2	0.49200000000000005	0.5	0.5361	0.5243	0.4966999999999999	0.43700000000000006	0.4317	0.4808	0.5	1	0.102275	0.06042499999999995	0.05037499999999995	0.2130749999999999	47.999530681684874	28.358559192772486	23.641910125542637	100	2011	1891	1615	2227	1621
Malphite	3	1	1	3	1	2	3	1	1	5	1	3	5	2	5	3	5	1	3	3	0.49200000000000005	0.6667000000000001	0.48449999999999993	0.4921	0.4722	0.5257	0.4973	0.44190000000000007	0.75	1	0.25687499999999996	0.22482499999999994	0.281725	0.7634249999999999	33.647706061499164	29.44952025411795	36.902773684382886	100	3019	2008	1571	1424	1170
Malzahar	2	4	3	3	2	4	3	3	2	2	1	5	3	3	5	1	1	1	2	2	0.478	0.25	0.4039	0.48590000000000005	0.4858	0.5407	0.4605	0.5	0.5	1	0.1084	0.19522500000000004	0.20229999999999998	0.505925	21.426100706626478	38.58773533626527	39.98616395710827	100.00000000000001	2124	1985	1593	1742	1578
Maokai	2	2	1	2	1	1	2	1	1	2	5	3	5	3	5	2	5	1	5	3	0.496	0.4815	0.4179	0.4886	0.5283	0.5181	0.5541	0.6061	0	1	0.143075	0.18627500000000008	0.08357500000000007	0.41292500000000015	34.64914936126414	45.1110976569595	20.23975298177636	100.00000000000001	2873	1852	1912	1744	1180
Master Yi	3	5	5	2	5	2	1	1	5	3	3	1	1	1	1	5	5	1	1	1	0.501	0.6667000000000001	0.5092	0.5078	0.4754	0.5131	0.5138	0.47620000000000007	0	1	0.218775	0.1815250000000001	0.05477499999999996	0.45507500000000006	48.07449321540405	39.88902928088778	12.03647750370817	100	2059	2796	1831	1356	2666
Miss Fortune	2	5	2	5	2	5	5	5	2	1	1	1	2	4	2	3	1	1	2	1	0.499	0.4375	0.4738	0.4979	0.493	0.5127	0.5188	0.64	1	1	0.33655	0.36660000000000004	0.528875	1.2320250000000001	27.316815811367462	29.7558896937968	42.927294494835735	100	1774	1431	2140	2863	2274
Mordekaiser	2	4	2	4	5	2	2	2	5	3	5	1	2	2	2	1	1	1	3	3	0.49	0.6	0.43	0.4965	0.5161	0.4775	0.4891	0.64	0.5	0	0.16065000000000007	0.14480000000000004	0.17664999999999997	0.4821000000000001	33.322962041070326	30.035262393694257	36.64177556523542	100	1666	1724	1963	1660	2380
Morgana	2	2	2	2	1	2	3	3	1	3	1	5	2	5	5	1	1	3	5	3	0.491	0.8332999999999999	0.4656	0.5297	0.4517	0.5088	0.5769	0.4118	1	1	0.4990749999999999	0.445775	0.553375	1.4982249999999997	33.31108478366067	29.753541691001022	36.93537352533832	100.00000000000001	1916	1993	1993	2054	1419
Nami	1	2	2	1	1	1	3	3	1	1	1	2	5	5	4	3	1	5	5	5	0.48	0.56	0.4439	0.4691	0.4901	0.524	0.4767	0.3818	0.5714	0	0.17077500000000007	0.1699750000000001	0.07078000000000007	0.41153000000000023	41.49758219327873	41.303185672976454	17.199232133744815	100	1721	1397	2623	2615	1778
Nasus	2	5	4	3	5	2	2	2	5	1	5	3	1	1	2	2	1	1	3	2	0.48100000000000004	0.4	0.4631	0.458	0.4954	0.505	0.5429	0.2857	0	1	0.17312499999999997	0.219325	0.0524	0.44484999999999997	38.91761267843093	49.30313588850174	11.779251433067326	100	1600	2116	2050	1702	2507
Nautilus	2	2	2	3	1	2	1	1	1	5	1	5	3	3	5	1	5	1	4	4	0.501	0.4634	0.4789	0.49570000000000003	0.5078	0.5219	0.4914	0.5098	0.3333	0	0.10544999999999999	0.12319999999999998	0.08310000000000001	0.31174999999999997	33.82518043303929	39.51884522854851	26.655974338412193	100	2804	2191	1915	1552	1340
Neeko	4	2	2	5	1	3	3	3	1	1	1	2	5	4	5	2	1	1	3	3	0.535	0.5455	0.5869	0.5577	0.5132	0.4901	0.52	0.5366	1	0	0.355825	0.32525	0.441675	1.12275	31.69227343576041	28.969049209530173	39.338677354709425	100	2636	1764	1649	2033	1497
Nidalee	5	2	5	2	5	3	5	4	2	1	1	1	1	1	1	3	3	4	2	1	0.518	0.3889	0.5383	0.5447	0.4984	0.498	0.4968	0.4706	0.4	1	0.09457499999999996	0.11147499999999999	0.06835000000000002	0.2744	34.46610787172011	40.625	24.908892128279895	100	1499	2644	1731	2273	2449
Nilah	1	5	3	5	3	4	3	3	3	1	2	2	1	4	2	1	3	1	2	3	0.52	0.625	0.5087	0.5432	0.5047	0.5508	0.38	0.5	1	0	0.1654000000000001	0.11467499999999997	0.09693333333333337	0.37700833333333345	43.87170929024558	30.417099533608877	25.711191176145533	99.99999999999999	1789	1505	2042	2110	2053
Nocturne	3	3	4	2	4	2	1	1	4	3	2	3	2	1	4	3	5	1	3	1	0.5	0.5	0.5083	0.5068	0.5	0.47370000000000007	0.5375	0.4545	0.3333	1	0.06377499999999997	0.06450000000000006	0.04856666666666665	0.17684166666666667	36.06333349041043	36.4733047452995	27.463361764290077	100	2151	2408	1349	1116	1830
Nunu	1	2	1	2	1	1	1	1	1	4	5	1	4	3	5	5	1	3	5	5	0.496	0.5	0.4701000000000001	0.4868	0.5337	0.5047	0.4225	0.4167	0.3333	1	0.12165000000000004	0.11092499999999994	0.043300000000000005	0.275875	44.0960579972814	40.20842772995014	15.695514272768468	100	2265	1598	2771	2279	1877
Olaf	2	4	4	3	5	2	2	1	4	2	5	1	3	3	2	3	1	1	3	1	0.523	0.4118	0.5324	0.5242	0.5399	0.491	0.5238	0.375	0	0	0.15907500000000002	0.17672499999999997	0.0044500000000000095	0.34025	46.75238795003674	51.93975018368846	1.3078618662748007	100	1732	2078	1839	1479	2154
Orianna	4	1	2	4	1	4	4	3	2	1	1	2	4	4	5	2	1	3	3	1	0.49700000000000005	0.5	0.5238	0.5097	0.5316	0.4826	0.3649	0.3333	0	1	0.19927499999999998	0.15519999999999995	-0.021800000000000097	0.33267499999999983	59.90080408807397	46.65213797249569	-6.5529420605696584	99.99999999999999	2218	1807	1523	2023	1525
Ornn	3	1	1	3	1	2	2	1	1	5	1	3	5	4	5	2	3	1	4	4	0.48700000000000004	0.5882	0.48	0.4427	0.48730000000000007	0.5167	0.5816	0.5758	0	0	0.17254999999999993	0.18007499999999999	0.09152499999999997	0.4441499999999999	38.84948778565799	40.5437352245863	20.606776989755712	100.00000000000001	2676	1833	1863	1636	1328
Pantheon	3	2	3	1	4	1	2	2	3	5	2	5	2	1	4	3	5	1	2	1	0.49700000000000005	0.5217	0.49810000000000004	0.466	0.5016	0.5171	0.5478	0.4571	0.4286	0	0.07984999999999998	0.09112500000000001	0.07064999999999999	0.24162499999999998	33.047077082255555	37.71339886187274	29.2395240558717	100	2480	2719	1279	975	1519
Poppy	1	2	1	2	2	1	1	1	2	5	2	3	4	2	4	3	3	3	5	5	0.508	0.4667	0.5165	0.5459	0.5033	0.4826	0.45649999999999996	0.4	0.4	1	0.10009999999999997	0.0890749999999999	0.026774999999999993	0.21594999999999986	46.35332252836306	41.247974068071294	12.398703403565644	100	2002	1440	2425	1945	1749
Pyke	4	1	3	2	3	1	1	2	2	1	3	5	2	4	4	4	4	1	3	2	0.507	0.55	0.575	0.4925	0.486	0.4961	0.4539	0.5641	0.5	0	0.09887499999999999	0.05512499999999998	0.07652500000000001	0.23052499999999998	42.89122654809673	23.912807721505253	33.195965730398015	100	2272	2701	1230	1286	1452
Qiyana	5	2	5	4	5	2	1	1	4	1	1	1	4	1	4	4	4	1	1	1	0.488	0.5	0.4576	0.4946	0.4861	0.5139	0.5327	0.4348	0	0.5	0.136575	0.158825	0.022350000000000037	0.31775000000000003	42.98190401258851	49.98426435877261	7.033831628638877	100	2605	3010	1279	1297	2317
Quinn	3	5	5	1	4	4	3	3	4	1	1	2	1	4	2	5	1	1	1	1	0.498	0.3333	0.4338	0.5185	0.5488	0.48089999999999994	0.4634	0.3	0.5	0	0.1406	0.1848999999999999	0.09676666666666667	0.42226666666666657	33.29649510577835	43.78749605304703	22.916008841174616	99.99999999999999	1453	2465	1821	1862	2631
Rakan	2	1	1	2	2	1	2	1	1	3	2	3	5	3	5	4	5	3	3	3	0.515	0.3846	0.4989	0.5129	0.5194	0.53	0.5482	0.6	0.22220000000000004	1	0.20394999999999996	0.252625	0.20009999999999994	0.6566749999999999	31.05798149769673	38.47032398066015	30.471694521643123	100	2702	1964	1492	1351	1132
Rammus	2	2	1	3	2	1	1	2	1	5	1	5	3	2	5	5	4	1	3	3	0.514	0.375	0.5	0.4449	0.5505	0.5817	0.4898	0.4	1	1	0.3536	0.4027250000000001	0.503875	1.2602000000000002	28.059038247897156	31.95722901126806	39.983732740834775	100	2721	2337	1707	1392	1423
Rek'Sai	4	2	4	1	4	1	2	1	3	3	4	5	2	1	4	3	5	1	1	1	0.5429999999999999	0.5385	0.6146	0.5645	0.5216	0.4858	0.4354	0.45159999999999995	0.8	0	0.25680000000000003	0.19882500000000003	0.24020000000000008	0.6958250000000001	36.90583120755937	28.57399489814249	34.52017389429814	100	2576	3018	1232	1043	1582
Rell	1	2	1	2	2	1	1	1	1	5	2	3	5	2	5	2	4	2	5	5	0.528	0.6154	0.5217	0.5109	0.5243	0.5449	0.5922	0.5	0.25	1	0.23507499999999992	0.23507500000000003	0.16377499999999995	0.6339249999999998	37.082462436408086	37.08246243640811	25.835075127183813	100	2574	1620	2331	1896	1599
Renata	1	3	3	1	3	1	1	1	1	3	2	3	4	5	5	1	2	4	5	3	0.547	0.4286	0.4887	0.538	0.5962	0.5728	0.5	0.5556	1	1	0.08587499999999992	0.12474999999999992	0.11580000000000001	0.32642499999999985	26.307727655663616	38.21704832656812	35.47522401776827	100	2013	1850	2194	1790	1406
Renekton	4	3	4	2	5	2	1	1	4	1	4	4	1	1	3	2	5	1	2	2	0.493	0.6667000000000001	0.5103	0.504	0.4783	0.5047	0.4	0.4348	0.75	1	0.286825	0.21875	0.26937500000000003	0.77495	37.01206529453513	28.227627588876704	34.760307116588166	100	2178	2813	1322	1181	2067
Rengar	5	2	4	1	4	1	1	1	3	3	4	4	1	1	3	5	5	1	2	1	0.541	0.4286	0.5478	0.5152	0.5638	0.5439	0.4818	0.6923	1	1	0.33285	0.345175	0.49849999999999994	1.1765249999999998	28.290941543953597	29.33851809353818	42.37054036250824	100.00000000000001	2461	3126	1357	1192	1894
Riven	5	3	3	4	5	2	1	1	5	3	3	1	3	1	3	3	3	1	1	1	0.505	0.4545	0.5192	0.4636	0.5007	0.5189	0.5902	0.7273	0.6667000000000001	1	0.17950000000000005	0.21334999999999998	0.320775	0.713625	25.15326677176389	29.896654405324924	44.950078822911195	100	2183	2476	1287	1196	2262
Rumble	1	5	2	5	3	4	2	3	3	3	1	2	3	3	2	3	1	1	3	2	0.483	0.8182	0.5364	0.4752	0.4824	0.4483	0.3457	0.47620000000000007	0.25	0	0.4150500000000001	0.2749	0.21705000000000002	0.907	45.76074972436605	30.308710033076068	23.930540242557885	100	1813	1300	2065	1989	2024
Ryze	3	5	3	3	4	4	2	3	5	1	1	2	1	2	3	5	1	1	2	1	0.475	0.8332999999999999	0.4513	0.525	0.4607	0.41	0.6	0.1667	0	1	0.4925750000000001	0.423925	0.21917500000000006	1.1356750000000002	43.372883967684416	37.32802078059303	19.299095251722544	100	1518	2024	1704	1777	2668
Samira	1	5	3	5	3	4	3	3	3	1	2	2	1	4	2	1	3	1	2	3	0.5	0.5789	0.5082	0.4839	0.5	0.5077	0.5081	0.5	0.6667000000000001	1	0.13774999999999993	0.119925	0.16562500000000002	0.42329999999999995	32.54193243562484	28.330970942593908	39.127096621781256	100	1789	1505	2042	2110	2053
Sejuani	2	3	1	2	2	2	1	1	1	5	2	5	3	3	5	2	5	1	3	3	0.49	0	0.4789	0.4818	0.5042	0.5	0.47620000000000007	0.3	0	1	0.07622500000000004	0.20055000000000006	0.13540000000000002	0.4121750000000001	18.49335840359071	48.656517256019896	32.85012434038939	100	2770	2237	1640	1232	1140
Senna	3	3	5	2	2	4	5	5	1	1	1	3	1	4	2	2	1	4	1	2	0.505	0.32	0.4783	0.5315	0.5148	0.504	0.4044	0.6341	0.4	0.5	0.15615000000000007	0.18367499999999998	0.18062499999999998	0.5204500000000001	30.002882121241242	35.29157459890479	34.70554327985396	100	1358	2041	2011	2573	2058
Seraphine	1	2	1	2	1	2	3	3	1	1	1	1	5	5	5	2	1	5	5	5	0.498	0.3636	0.4863	0.5039	0.5	0.5283	0.4457	0.4	0.5	1	0.08545000000000003	0.116475	0.08000000000000002	0.28192500000000004	30.309479471490654	41.31417930300611	28.37634122550324	100	1913	1335	2629	2663	1749
Sett	3	3	2	5	4	3	1	1	5	3	3	3	3	1	3	2	1	1	2	3	0.469	0.3846	0.45890000000000003	0.4578	0.4404	0.5212	0.5341	0.3333	0	1	0.10642499999999999	0.15937500000000004	0.13386666666666663	0.39966666666666667	26.628440366972473	39.8769808173478	33.49457881567972	100	1985	1785	1625	1476	2211
Shaco	5	3	5	2	5	2	2	1	2	3	1	2	2	2	3	5	2	1	3	1	0.496	0.75	0.5354	0.4793	0.4542	0.5141	0.5347	0.6154	0.1667	0	0.37872500000000003	0.319575	0.19018000000000002	0.88848	42.62617053844769	35.968733117233924	21.405096344318387	100	1867	2881	1572	1473	2269
Shen	1	3	3	1	3	1	1	1	3	5	1	2	4	2	4	2	3	5	3	4	0.514	0.2857	0.5355	0.4947	0.4926	0.5823	0.5309	0.1667	0.5	0	0.21812499999999996	0.29112499999999997	0.21097500000000002	0.720225	30.285674615571516	40.421396091499176	29.292929292929298	100	1887	1562	2302	1598	1616
Shyvana	4	4	4	4	4	2	4	2	3	3	1	1	2	1	2	3	4	1	2	1	0.446	0.3333	0.3091	0.47870000000000007	0.3981	0.5435	0.8	0.5	0	1	0.2538	0.429075	0.33487500000000003	1.01775	24.9373618275608	42.159174649963155	32.90346352247606	100.00000000000001	1985	2154	1616	1685	1927
Singed	1	4	1	5	4	5	1	1	5	5	1	2	1	1	3	5	1	1	3	2	0.494	0.1429	0.4286	0.5067	0.5063	0.5265	0.5319	0.5	1	1	0.36212500000000003	0.48384999999999995	0.6055999999999999	1.4515749999999998	24.94704028382964	33.332759244269155	41.72020047190121	100	1994	1832	2153	1826	2849
Sion	2	3	1	4	1	2	2	1	1	5	2	2	5	2	5	2	5	1	3	3	0.502	0.3333	0.4805	0.5357	0.5222	0.4452999999999999	0.478	0.5	0.75	0	0.20592499999999997	0.2333	0.28132499999999994	0.7205499999999999	28.578863368260354	32.37804454930262	39.04309208243703	100	3089	1696	1816	1456	1127
Sivir	1	5	5	4	1	5	4	5	1	1	1	1	1	1	1	2	1	5	2	5	0.493	0.3333	0.4044	0.4952	0.5149	0.514	0.6585	0.25	0	0	0.22394999999999998	0.33265	0.142625	0.699225	32.02831706532232	47.574099896313776	20.397583038363905	100	1357	1330	3313	3505	2866
Skarner	2	4	3	4	3	2	1	1	1	4	1	5	2	1	5	5	1	1	3	3	0.446	0.3333	0.4237	0.375	0.4526	0.4905999999999999	0.5455	0.6	1	1	0.37015	0.439925	0.633025	1.4430999999999998	25.649643129374265	30.48472039359712	43.865636477028616	100	2425	2313	2061	1690	1815
Sona	1	3	2	1	1	1	3	3	1	1	1	1	5	4	5	3	1	5	5	5	0.505	0.5385	0.4867	0.5086	0.5032	0.5209	0.5143	0.47370000000000007	0.5	1	0.044249999999999956	0.046750000000000014	0.03722500000000001	0.12822499999999998	34.50965100409434	36.45934880093587	29.031000194969792	100	1862	1327	2736	2683	1811
Soraka	1	2	1	2	1	1	4	4	1	1	1	2	4	4	3	4	1	5	5	5	0.506	0.6667000000000001	0.5344	0.48	0.5036	0.5113	0.4359	0.6316	0.6667000000000001	0	0.22017500000000007	0.15669999999999995	0.23537500000000006	0.6122500000000001	35.96161698652512	25.59412004899958	38.4442629644753	100	1407	1245	2712	2949	2019
Swain	2	4	1	5	3	3	3	3	3	1	4	1	3	4	3	2	1	1	3	2	0.47700000000000004	0.6	0.4861	0.4715	0.5209	0.3945	0.4881	0.6429	0.25	1	0.28262499999999996	0.23174999999999996	0.20687499999999998	0.72125	39.18544194107452	32.1317157712305	28.68284228769497	100	1952	1408	1880	1976	1740
Sylas	4	4	4	3	5	2	1	1	5	1	4	3	1	1	5	2	3	1	1	1	0.494	0.4412	0.4703	0.4829	0.5189	0.5	0.4843	0.4359	0.3333	0	0.104325	0.122525	0.06437499999999996	0.29122499999999996	35.82281740921968	42.072280882479184	22.10490170830113	100	2257	2740	1456	1252	2249
Syndra	5	1	4	3	1	4	4	4	2	1	1	2	4	4	5	1	1	1	3	1	0.501	0.36840000000000006	0.433	0.5107	0.5241	0.519	0.5139	0.4727	0.5	0	0.05804999999999999	0.11592500000000006	0.10040000000000004	0.2743750000000001	21.157175398633246	42.25056947608201	36.59225512528474	100	2288	2276	1448	2120	1767
Tahm Kench	1	3	3	1	3	1	1	1	2	5	5	3	1	2	3	5	1	1	5	5	0.457	0.5714	0.4545	0.5138	0.4456	0.3832	0.45159999999999995	0.25	0.5	0	0.239325	0.19155	0.1392	0.570075	41.981318247599006	33.600841994474415	24.417839757926586	100.00000000000001	1786	1895	2819	2163	2298
Taliyah	3	4	1	5	3	4	3	3	2	1	1	1	4	3	3	5	1	1	3	1	0.507	0.3636	0.467	0.5398	0.5125	0.5025	0.4744	0.5455	0.5	1	0.083725	0.12029999999999996	0.11859999999999993	0.3226249999999999	25.951181712514536	37.28787291747385	36.76094537001162	100	2113	1630	1817	2107	2036
Talon	5	2	5	3	5	3	2	1	4	1	1	1	2	3	2	5	4	1	1	1	0.508	0.7273	0.5046	0.4777	0.5334	0.4932	0.534	0.4681	0.5833	0	0.21275	0.16157500000000002	0.17165000000000008	0.5459750000000001	38.966985667841925	29.59384587206374	31.439168460094336	100	2015	3061	1256	1357	2534
Taric	1	2	1	2	1	1	1	1	1	5	3	3	5	3	5	1	1	5	5	5	0.509	1	0.49090000000000006	0.4937	0.5522	0.48699999999999993	0.4	0.6	1	0	0.6052000000000001	0.454225	0.59275	1.6521750000000002	36.63050221677486	27.492547702271246	35.87695008095389	100	2306	1403	2911	2252	1570
Teemo	1	5	5	2	4	4	4	4	4	1	1	1	2	5	1	3	1	1	2	1	0.502	0.8571	0.5	0.5108	0.4348	0.5	0.6346	0.5	1	0	0.47367500000000007	0.41805000000000003	0.55665	1.448375	32.70389229308709	28.86338137567964	38.43272633123328	100.00000000000001	1348	2148	1942	2143	2550
Thresh	1	2	2	2	2	1	1	2	1	3	1	5	4	5	5	1	1	4	4	5	0.511	0.549	0.5111	0.5154	0.5038	0.5192	0.5273	0.371	0.3570999999999999	0.5	0.14882499999999999	0.14542500000000003	0.07264999999999999	0.3669	40.56282365767239	39.636140637775966	19.801035704551648	100	2130	1951	2247	1992	1536
Tristana	1	5	5	3	3	5	4	5	1	1	1	2	1	1	1	4	3	1	1	4	0.506	0.5	0.5323	0.4827	0.48339999999999994	0.5517	0.4731	0.5714	0	0	0.13360000000000005	0.13172499999999998	0.033050000000000024	0.29837500000000006	44.77586929199833	44.147465437788	11.076665270213663	100	1534	1861	2437	2845	2846
Trundle	2	4	4	1	4	1	1	1	3	3	5	1	2	4	3	3	1	1	5	3	0.48700000000000004	1	0.4	0.5091	0.4851	0.4928	0.4643	0.625	1	0	0.51155	0.400825	0.44036666666666663	1.3527416666666665	37.815793850759874	29.63056508695304	32.553641062287085	100	1632	1960	2349	1845	2063
Tryndamere	3	5	5	2	5	2	1	1	5	4	3	1	2	2	1	4	3	1	1	1	0.525	0.6	0.5627	0.5138	0.534	0.48840000000000006	0.5091	0.3333	0.25	0	0.267625	0.226325	0.11019999999999996	0.60415	44.297773731689155	37.46172308201606	18.24050318629479	100	1792	2519	1870	1290	2540
Twisted Fate	3	2	4	2	2	4	4	3	3	1	1	5	1	4	4	5	1	1	1	1	0.49200000000000005	0.2	0.4805	0.5009	0.48699999999999993	0.4826	0.5979	0.5385	1	0	0.3650999999999999	0.46509999999999996	0.6027499999999999	1.4329499999999997	25.478907149586515	32.4575177082243	42.063575142189194	100.00000000000001	1867	2648	1376	1781	2009
Twitch	1	5	5	4	4	4	3	4	2	1	1	1	3	4	2	4	1	1	1	1	0.51	0.4583	0.5564	0.473	0.5148	0.5118	0.5153	0.43329999999999996	0.5	1	0.070625	0.07372499999999998	0.06009999999999999	0.20444999999999997	34.54389826363414	36.06016140865737	29.395940327708487	100	1787	2058	2043	2132	2358
Udyr	2	4	3	4	5	1	1	1	4	4	5	3	1	1	2	5	1	1	3	1	0.518	1	0.5118	0.5517	0.48710000000000003	0.5414	0.5263	0.1667	0	0	0.5996499999999999	0.488625	0.27059999999999995	1.3588749999999998	44.1284150492135	35.95805353693313	19.91353141385337	100	2012	2296	2089	1529	2323
Urgot	2	4	4	3	4	3	3	3	5	4	1	2	1	1	2	1	3	1	3	2	0.508	0.25	0.4507	0.4808	0.5	0.5839	0.5333	0.8332999999999999	1	1	0.252375	0.3565	0.4821666666666667	1.0910416666666667	23.13156387244606	32.675195722742025	44.19324040481192	100	1492	1841	1768	1639	2355
Varus	1	5	5	2	1	5	5	5	1	1	1	1	4	4	4	1	1	1	3	1	0.49	0.4583	0.4832	0.523	0.4914	0.4596	0.46509999999999996	0.4889	0.2	1	0.19897500000000007	0.19477499999999998	0.1134	0.50715	39.233954451345774	38.405797101449274	22.36024844720497	100.00000000000001	1908	1812	2280	2832	2220
Vayne	1	5	5	1	4	4	3	3	3	1	1	2	1	4	2	4	1	1	1	5	0.499	0.7333	0.5263	0.4374	0.5089	0.5189	0.5567	0.6	0.3333	1	0.29247499999999993	0.246475	0.24322500000000002	0.782175	37.39252724773867	31.511490395371883	31.095982356889447	100	1261	2082	2325	2302	2840
Veigar	5	1	5	3	1	4	3	4	1	1	1	1	4	4	5	1	1	1	5	1	0.45299999999999996	0.6364	0.4646	0.4219	0.44800000000000006	0.4702	0.4946	0.5455	0.2857	0	0.23972500000000002	0.20567500000000005	0.19600000000000006	0.6414000000000002	37.37527284066105	32.06657312129716	30.558154038041785	100	2306	2352	1914	2411	2017
Vel'Koz	4	4	2	5	1	5	5	5	1	1	1	1	3	5	3	1	1	1	2	1	0.466	0.4286	0.5753	0.5167	0.41620000000000007	0.373	0.4386	0.4091	0.3333	1	0.17819999999999997	0.13012499999999994	0.0824999999999999	0.3908249999999998	45.595854922279806	33.294952984072154	21.109192093648037	100	2129	1736	1925	2825	2042
Vex	4	1	2	4	2	5	3	1	1	3	1	2	4	3	4	2	4	2	3	1	0.521	0.6667000000000001	0.5405	0.504	0.5357	0.5306	0.4167	0.4286	0	0	0.20072500000000004	0.13574999999999998	0.0976333333333334	0.43410833333333343	46.23845814216882	31.27099610312325	22.490545754707938	100	2413	1847	1423	1671	1570
Vi	3	3	4	1	3	2	1	1	2	4	2	5	2	1	5	3	5	1	2	2	0.501	0.3077	0.4742	0.5228	0.5014	0.48840000000000006	0.5238	0.56	1	1	0.350525	0.4081	0.54205	1.300675	26.949468545178462	31.37601629922925	41.67451515559229	100	2627	2718	1444	1106	1424
Viego	2	4	4	2	5	2	1	1	4	3	5	3	1	1	3	3	3	1	3	1	0.491	0.3846	0.4889	0.5108	0.4832	0.4659	0.5633	0.3636	0.5	1	0.11587500000000006	0.15480000000000005	0.12219999999999998	0.3928750000000001	29.494113903913465	39.40184537066497	31.104040725421562	100	1856	2324	1808	1325	2131
Viktor	4	3	2	5	1	5	3	3	1	1	1	1	4	4	4	2	1	1	5	1	0.485	0.4231	0.4754	0.4825	0.5079	0.45640000000000003	0.46880000000000005	0.6316	0.4286	0.5	0.12722500000000003	0.13390000000000007	0.15134999999999998	0.4124750000000001	30.844293593551125	32.46257348930239	36.69313291714648	100	2255	1586	2034	2485	1968
Vladimir	5	4	1	5	4	3	2	2	4	1	5	1	2	3	1	3	1	2	2	1	0.501	0.75	0.514	0.49340000000000006	0.47870000000000007	0.5283	0.5039	0.4545	0.3333	1	0.298025	0.24007500000000004	0.19399999999999995	0.7321	40.70823657970223	32.79265127714794	26.499112143149837	100	2079	2002	1809	1823	2107
Volibear	2	4	4	3	4	2	2	3	5	3	5	2	2	1	2	3	1	1	2	1	0.511	0.5	0.5294	0.5187	0.5039	0.5267	0.4118	0.6667000000000001	0.5	1	0.1419999999999999	0.11927500000000002	0.1553	0.4165749999999999	34.08749924983495	28.632299105803288	37.28020164436177	100	1663	1933	1826	1519	2221
Warwick	3	3	3	1	4	1	1	1	3	3	4	5	2	1	5	4	5	1	1	1	0.512	0.6667000000000001	0.5325	0.5284	0.4697	0.5799	0.4444000000000001	0.22220000000000004	0	0	0.3173250000000001	0.27359999999999995	0.1835	0.774425	40.97556251412339	35.329437970106845	23.694999515769762	100	2722	2902	1310	1021	1546
Wukong	3	3	3	1	3	2	1	1	3	3	4	5	2	1	4	3	5	1	2	2	0.466	0.5556	0.4302	0.4767	0.4606	0.5	0.3883	0.5	0.6	0.5	0.15477499999999994	0.13040000000000002	0.17107500000000003	0.45625	33.92328767123286	28.580821917808226	37.49589041095891	100	2424	2489	1381	1113	1448
Xayah	1	5	5	3	3	5	3	4	1	1	1	1	3	4	3	1	1	1	3	3	0.519	0.4	0.49939999999999996	0.538	0.5121	0.5224	0.5183	0.6136	0.5556	1	0.08837499999999998	0.12369999999999992	0.15347500000000003	0.36554999999999993	24.17589932977705	33.83942005197646	41.98468061824649	100	1623	1720	2287	2439	2363
Xerath	5	3	2	5	1	5	5	5	1	1	1	3	2	5	3	1	1	1	1	1	0.519	0.8	0.5762	0.5485	0.4702	0.5283	0.46259999999999996	0.40739999999999993	0.6667000000000001	1	0.45972500000000005	0.36339999999999995	0.474	1.2971249999999999	35.44184253637854	28.0158041823263	36.54235328129518	100.00000000000001	2210	2131	1696	2731	2039
Xin Zhao	3	3	3	1	4	1	1	1	3	3	4	4	2	1	4	3	5	1	2	3	0.475	0.25	0.4278	0.5171	0.4558	0.4964	0.5556	0.5	0.25	1	0.17767500000000003	0.27122500000000005	0.21550000000000002	0.6644000000000001	26.742173389524382	40.822546658639375	32.43527995183624	100	2301	2432	1450	1161	1637
Yasuo	3	5	3	3	5	1	1	1	5	3	2	1	2	3	3	5	2	1	2	1	0.505	0.6429	0.5426	0.5152	0.4814	0.4764	0.49079999999999996	0.5833	0.6923	0	0.20052499999999995	0.14594999999999997	0.2157	0.5621749999999999	35.66949793213857	25.961666740783564	38.368835327077875	100	1773	2294	1678	1329	2406
Yone	3	5	5	2	5	1	1	1	5	2	2	1	2	1	4	5	4	1	1	1	0.491	0.5625	0.5144	0.4853	0.4698	0.5	0.49439999999999995	0.5814	0.8332999999999999	1	0.257	0.236375	0.351275	0.84465	30.426804001657494	27.984964186349377	41.58823181199313	100	2112	2802	1707	1321	2560
Yorick	2	4	4	2	5	2	2	2	5	2	5	1	3	1	3	2	1	1	3	2	0.483	1	0.527	0.5379	0.4684	0.4483	0.2903	0.5	1	1	0.590325	0.393225	0.3698666666666667	1.3534166666666665	43.617388091866275	29.05424542823718	27.32836647989656	100.00000000000001	1639	2026	1813	1501	2374
Yuumi	1	2	1	1	1	1	5	1	1	1	1	2	4	5	5	4	1	5	5	5	0.499	0.3913	0.5075	0.4777	0.5005	0.5059	0.5785	0.4912	0.6	1	0.09025	0.13664999999999994	0.16490000000000005	0.3918	23.034711587544663	34.877488514548226	42.08779989790711	100	1789	1654	2710	2851	1858
Zac	2	2	1	3	1	1	1	1	1	3	5	3	5	3	5	2	5	1	4	3	0.49200000000000005	0.3	0.4852	0.49200000000000005	0.5147	0.45769999999999994	0.5255	0.4667	0.6	0	0.13597499999999996	0.18547499999999995	0.20047499999999996	0.5219249999999999	26.05259376347176	35.53671504526512	38.41069119126311	99.99999999999999	3057	1881	1820	1529	1074
Zed	5	2	5	2	5	3	2	2	4	1	1	1	2	3	2	4	5	1	1	1	0.484	0.4138	0.4456	0.461	0.5139	0.5087	0.45269999999999994	0.6154	0.3333	0	0.13457500000000006	0.16007500000000002	0.15352500000000002	0.4481750000000001	30.027333073018358	35.717074803369215	34.25559212361243	100	2046	3053	1131	1280	2402
Zeri	3	5	5	3	5	2	4	2	1	2	1	1	1	3	1	4	3	2	3	1	0.519	0.425	0.5362	0.5422	0.5094	0.4816	0.5262	0.4211	0.3846	0.6667000000000001	0.10419999999999996	0.11585000000000001	0.05437500000000001	0.274425	37.97030153958275	42.215541586954544	19.8141568734627	100	1626	2369	2051	1968	2230
Ziggs	4	3	2	5	1	5	5	5	1	1	1	1	2	5	3	1	1	1	4	1	0.508	0.5714	0.4615000000000001	0.6	0.4684	0.5179	0.5	0.5	0.3333	0	0.17732500000000007	0.17357500000000003	0.11480000000000001	0.4657000000000001	38.077088254240934	37.2718488297187	24.651062916040367	100	1953	1721	2030	2993	2166
Zilean	3	1	1	3	1	3	3	3	1	1	1	2	4	4	3	3	1	5	5	4	0.47100000000000003	0.6	0.425	0.4799	0.4647	0.5	0.5139	0.4615000000000001	0.25	1	0.22139999999999993	0.21862499999999996	0.16035	0.6003749999999999	36.876951905059336	36.41474078700812	26.708307307932543	100	1537	1282	2383	2543	1797
Zoe	5	1	4	2	1	4	5	4	1	1	1	4	1	5	5	2	3	1	1	1	0.5539999999999999	0.4167	0.6264	0.5513	0.5396	0.5224	0.4949	0.5185	0.5	1	0.09950000000000003	0.09305000000000008	0.07495000000000007	0.2675000000000002	37.19626168224298	34.78504672897197	28.018691588785057	100	2313	2862	1305	2121	1698
Zyra	3	4	3	4	1	3	3	4	1	1	1	1	3	4	5	1	1	1	5	3	0.473	0.5	0.5233	0.4452999999999999	0.47850000000000004	0.4583	0.4286	0.4545	1	0	0.393775	0.35967499999999997	0.49235000000000007	1.2458	31.608203563974957	28.871006582115903	39.520789853909136	100	2021	1547	2238	2535	1833